phase,study_title,topology,topology_class,phase_role,phase5_role,predicted_response_class,circuit_id,parent_circuit_id,perturbation_order,dropped_edges,dropped_edge_count,dropped_edge_qubits,abs_parity,target_probability,entropy_bits,top_probability,top_state,n_observed_states,baseline_abs_parity,baseline_target_probability,baseline_entropy_bits,baseline_top_probability,delta_abs_parity,delta_target_probability,delta_entropy,delta_top_probability,is_connected_after_ablation,n_components_after_ablation,has_loop_after_ablation,remaining_edge_count,dropped_edge_count_check,source_path
Phase5,SRFM Quantum Phase5 Predictive Structural Response Study,chain6,path,loop_free_comparison,predictive_parent,adaptive_improvement_then_collapse,phase5_chain6_predictive_parent_drop_k1_e0,phase5_chain6_predictive_parent,1,e0,1,"[[0, 1]]",0.03955078125,0.12841796875,4.650342968085421,0.161865234375,110111,61,0.01123046875,0.030029296875,5.576554777496997,0.06884765625,0.0283203125,0.098388671875,-0.9262118094115763,0.093017578125,False,2,False,4,1,E:\SRFM_QUANTUM_PHASE5\results\raw\chain6\multi_ablation\phase5_chain6_predictive_parent_drop_k1_e0__noisy_sim__xbasis__shots4096.json
Phase5,SRFM Quantum Phase5 Predictive Structural Response Study,chain6,path,loop_free_comparison,predictive_parent,adaptive_improvement_then_collapse,phase5_chain6_predictive_parent_drop_k1_e1,phase5_chain6_predictive_parent,1,e1,1,"[[1, 2]]",0.10009765625,0.13330078125,4.969541581297614,0.13330078125,111111,64,0.01123046875,0.030029296875,5.576554777496997,0.06884765625,0.0888671875,0.103271484375,-0.6070131961993832,0.064453125,False,2,False,4,1,E:\SRFM_QUANTUM_PHASE5\results\raw\chain6\multi_ablation\phase5_chain6_predictive_parent_drop_k1_e1__noisy_sim__xbasis__shots4096.json
Phase5,SRFM Quantum Phase5 Predictive Structural Response Study,chain6,path,loop_free_comparison,predictive_parent,adaptive_improvement_then_collapse,phase5_chain6_predictive_parent_drop_k1_e2,phase5_chain6_predictive_parent,1,e2,1,"[[2, 3]]",0.2666015625,0.0234375,5.331751570740217,0.07666015625,110011,64,0.01123046875,0.030029296875,5.576554777496997,0.06884765625,0.25537109375,-0.006591796875,-0.2448032067567798,0.0078125,False,2,False,4,1,E:\SRFM_QUANTUM_PHASE5\results\raw\chain6\multi_ablation\phase5_chain6_predictive_parent_drop_k1_e2__noisy_sim__xbasis__shots4096.json
Phase5,SRFM Quantum Phase5 Predictive Structural Response Study,chain6,path,loop_free_comparison,predictive_parent,adaptive_improvement_then_collapse,phase5_chain6_predictive_parent_drop_k1_e3,phase5_chain6_predictive_parent,1,e3,1,"[[3, 4]]",0.11376953125,0.132568359375,4.943299214293094,0.132568359375,111111,64,0.01123046875,0.030029296875,5.576554777496997,0.06884765625,0.1025390625,0.1025390625,-0.6332555632039032,0.063720703125,False,2,False,4,1,E:\SRFM_QUANTUM_PHASE5\results\raw\chain6\multi_ablation\phase5_chain6_predictive_parent_drop_k1_e3__noisy_sim__xbasis__shots4096.json
Phase5,SRFM Quantum Phase5 Predictive Structural Response Study,chain6,path,loop_free_comparison,predictive_parent,adaptive_improvement_then_collapse,phase5_chain6_predictive_parent_drop_k1_e4,phase5_chain6_predictive_parent,1,e4,1,"[[4, 5]]",0.0322265625,0.1279296875,4.632061556239186,0.162109375,111011,63,0.01123046875,0.030029296875,5.576554777496997,0.06884765625,0.02099609375,0.097900390625,-0.9444932212578117,0.09326171875,False,2,False,4,1,E:\SRFM_QUANTUM_PHASE5\results\raw\chain6\multi_ablation\phase5_chain6_predictive_parent_drop_k1_e4__noisy_sim__xbasis__shots4096.json
Phase5,SRFM Quantum Phase5 Predictive Structural Response Study,chain6,path,loop_free_comparison,predictive_parent,adaptive_improvement_then_collapse,phase5_chain6_predictive_parent_drop_k2_e0_e1,phase5_chain6_predictive_parent,2,"e0,e1",2,"[[0, 1], [1, 2]]",0.07763671875,0.137939453125,4.731312946252521,0.137939453125,111111,61,0.01123046875,0.030029296875,5.576554777496997,0.06884765625,0.06640625,0.10791015625,-0.8452418312444765,0.069091796875,False,3,False,3,2,E:\SRFM_QUANTUM_PHASE5\results\raw\chain6\multi_ablation\phase5_chain6_predictive_parent_drop_k2_e0_e1__noisy_sim__xbasis__shots4096.json
Phase5,SRFM Quantum Phase5 Predictive Structural Response Study,chain6,path,loop_free_comparison,predictive_parent,adaptive_improvement_then_collapse,phase5_chain6_predictive_parent_drop_k2_e0_e2,phase5_chain6_predictive_parent,2,"e0,e2",2,"[[0, 1], [2, 3]]",0.35009765625,0.117919921875,3.789359999131942,0.22265625,110111,54,0.01123046875,0.030029296875,5.576554777496997,0.06884765625,0.3388671875,0.087890625,-1.787194778365055,0.15380859375,False,3,False,3,2,E:\SRFM_QUANTUM_PHASE5\results\raw\chain6\multi_ablation\phase5_chain6_predictive_parent_drop_k2_e0_e2__noisy_sim__xbasis__shots4096.json
Phase5,SRFM Quantum Phase5 Predictive Structural Response Study,chain6,path,loop_free_comparison,predictive_parent,adaptive_improvement_then_collapse,phase5_chain6_predictive_parent_drop_k2_e0_e3,phase5_chain6_predictive_parent,2,"e0,e3",2,"[[0, 1], [3, 4]]",0.10986328125,0.14208984375,4.335939904901786,0.18115234375,110111,58,0.01123046875,0.030029296875,5.576554777496997,0.06884765625,0.0986328125,0.112060546875,-1.240614872595211,0.1123046875,False,3,False,3,2,E:\SRFM_QUANTUM_PHASE5\results\raw\chain6\multi_ablation\phase5_chain6_predictive_parent_drop_k2_e0_e3__noisy_sim__xbasis__shots4096.json
Phase5,SRFM Quantum Phase5 Predictive Structural Response Study,chain6,path,loop_free_comparison,predictive_parent,adaptive_improvement_then_collapse,phase5_chain6_predictive_parent_drop_k2_e0_e4,phase5_chain6_predictive_parent,2,"e0,e4",2,"[[0, 1], [4, 5]]",0.30859375,0.297119140625,3.9775946171392724,0.297119140625,111111,54,0.01123046875,0.030029296875,5.576554777496997,0.06884765625,0.29736328125,0.26708984375,-1.5989601603577248,0.228271484375,False,3,False,3,2,E:\SRFM_QUANTUM_PHASE5\results\raw\chain6\multi_ablation\phase5_chain6_predictive_parent_drop_k2_e0_e4__noisy_sim__xbasis__shots4096.json
Phase5,SRFM Quantum Phase5 Predictive Structural Response Study,chain6,path,loop_free_comparison,predictive_parent,adaptive_improvement_then_collapse,phase5_chain6_predictive_parent_drop_k2_e1_e2,phase5_chain6_predictive_parent,2,"e1,e2",2,"[[1, 2], [2, 3]]",0.021484375,0.046875,4.979820872843679,0.104248046875,110011,64,0.01123046875,0.030029296875,5.576554777496997,0.06884765625,0.01025390625,0.016845703125,-0.596733904653318,0.035400390625,False,3,False,3,2,E:\SRFM_QUANTUM_PHASE5\results\raw\chain6\multi_ablation\phase5_chain6_predictive_parent_drop_k2_e1_e2__noisy_sim__xbasis__shots4096.json
Phase5,SRFM Quantum Phase5 Predictive Structural Response Study,chain6,path,loop_free_comparison,predictive_parent,adaptive_improvement_then_collapse,phase5_chain6_predictive_parent_drop_k2_e1_e3,phase5_chain6_predictive_parent,2,"e1,e3",2,"[[1, 2], [3, 4]]",0.30517578125,0.380615234375,3.63256119705637,0.380615234375,111111,58,0.01123046875,0.030029296875,5.576554777496997,0.06884765625,0.2939453125,0.3505859375,-1.9439935804406274,0.311767578125,False,3,False,3,2,E:\SRFM_QUANTUM_PHASE5\results\raw\chain6\multi_ablation\phase5_chain6_predictive_parent_drop_k2_e1_e3__noisy_sim__xbasis__shots4096.json
Phase5,SRFM Quantum Phase5 Predictive Structural Response Study,chain6,path,loop_free_comparison,predictive_parent,adaptive_improvement_then_collapse,phase5_chain6_predictive_parent_drop_k2_e1_e4,phase5_chain6_predictive_parent,2,"e1,e4",2,"[[1, 2], [4, 5]]",0.0966796875,0.14306640625,4.320073969782635,0.173583984375,111011,57,0.01123046875,0.030029296875,5.576554777496997,0.06884765625,0.08544921875,0.113037109375,-1.2564808077143619,0.104736328125,False,3,False,3,2,E:\SRFM_QUANTUM_PHASE5\results\raw\chain6\multi_ablation\phase5_chain6_predictive_parent_drop_k2_e1_e4__noisy_sim__xbasis__shots4096.json
Phase5,SRFM Quantum Phase5 Predictive Structural Response Study,chain6,path,loop_free_comparison,predictive_parent,adaptive_improvement_then_collapse,phase5_chain6_predictive_parent_drop_k2_e2_e3,phase5_chain6_predictive_parent,2,"e2,e3",2,"[[2, 3], [3, 4]]",0.02197265625,0.045654296875,4.922117206896439,0.10595703125,110011,63,0.01123046875,0.030029296875,5.576554777496997,0.06884765625,0.0107421875,0.015625,-0.6544375706005585,0.037109375,False,3,False,3,2,E:\SRFM_QUANTUM_PHASE5\results\raw\chain6\multi_ablation\phase5_chain6_predictive_parent_drop_k2_e2_e3__noisy_sim__xbasis__shots4096.json
Phase5,SRFM Quantum Phase5 Predictive Structural Response Study,chain6,path,loop_free_comparison,predictive_parent,adaptive_improvement_then_collapse,phase5_chain6_predictive_parent_drop_k2_e2_e4,phase5_chain6_predictive_parent,2,"e2,e4",2,"[[2, 3], [4, 5]]",0.36181640625,0.111328125,3.7573677978964315,0.224365234375,111011,55,0.01123046875,0.030029296875,5.576554777496997,0.06884765625,0.3505859375,0.081298828125,-1.8191869796005657,0.155517578125,False,3,False,3,2,E:\SRFM_QUANTUM_PHASE5\results\raw\chain6\multi_ablation\phase5_chain6_predictive_parent_drop_k2_e2_e4__noisy_sim__xbasis__shots4096.json
Phase5,SRFM Quantum Phase5 Predictive Structural Response Study,chain6,path,loop_free_comparison,predictive_parent,adaptive_improvement_then_collapse,phase5_chain6_predictive_parent_drop_k2_e3_e4,phase5_chain6_predictive_parent,2,"e3,e4",2,"[[3, 4], [4, 5]]",0.0966796875,0.137451171875,4.7028717753511575,0.137451171875,111111,58,0.01123046875,0.030029296875,5.576554777496997,0.06884765625,0.08544921875,0.107421875,-0.8736830021458397,0.068603515625,False,3,False,3,2,E:\SRFM_QUANTUM_PHASE5\results\raw\chain6\multi_ablation\phase5_chain6_predictive_parent_drop_k2_e3_e4__noisy_sim__xbasis__shots4096.json
Phase5,SRFM Quantum Phase5 Predictive Structural Response Study,chain6,path,loop_free_comparison,predictive_parent,adaptive_improvement_then_collapse,phase5_chain6_predictive_parent_drop_k3_e0_e1_e2,phase5_chain6_predictive_parent,3,"e0,e1,e2",3,"[[0, 1], [1, 2], [2, 3]]",0.0205078125,0.04833984375,4.735015212006293,0.107177734375,110011,59,0.01123046875,0.030029296875,5.576554777496997,0.06884765625,0.00927734375,0.018310546875,-0.8415395654907041,0.038330078125,False,4,False,2,3,E:\SRFM_QUANTUM_PHASE5\results\raw\chain6\multi_ablation\phase5_chain6_predictive_parent_drop_k3_e0_e1_e2__noisy_sim__xbasis__shots4096.json
Phase5,SRFM Quantum Phase5 Predictive Structural Response Study,chain6,path,loop_free_comparison,predictive_parent,adaptive_improvement_then_collapse,phase5_chain6_predictive_parent_drop_k3_e0_e1_e3,phase5_chain6_predictive_parent,3,"e0,e1,e3",3,"[[0, 1], [1, 2], [3, 4]]",0.24169921875,0.39453125,3.392619347687506,0.39453125,111111,54,0.01123046875,0.030029296875,5.576554777496997,0.06884765625,0.23046875,0.364501953125,-2.183935429809491,0.32568359375,False,4,False,2,3,E:\SRFM_QUANTUM_PHASE5\results\raw\chain6\multi_ablation\phase5_chain6_predictive_parent_drop_k3_e0_e1_e3__noisy_sim__xbasis__shots4096.json
Phase5,SRFM Quantum Phase5 Predictive Structural Response Study,chain6,path,loop_free_comparison,predictive_parent,adaptive_improvement_then_collapse,phase5_chain6_predictive_parent_drop_k3_e0_e1_e4,phase5_chain6_predictive_parent,3,"e0,e1,e4",3,"[[0, 1], [1, 2], [4, 5]]",0.09033203125,0.148193359375,4.0965575315562095,0.178955078125,111011,55,0.01123046875,0.030029296875,5.576554777496997,0.06884765625,0.0791015625,0.1181640625,-1.4799972459407877,0.110107421875,False,4,False,2,3,E:\SRFM_QUANTUM_PHASE5\results\raw\chain6\multi_ablation\phase5_chain6_predictive_parent_drop_k3_e0_e1_e4__noisy_sim__xbasis__shots4096.json
Phase5,SRFM Quantum Phase5 Predictive Structural Response Study,chain6,path,loop_free_comparison,predictive_parent,adaptive_improvement_then_collapse,phase5_chain6_predictive_parent_drop_k3_e0_e2_e3,phase5_chain6_predictive_parent,3,"e0,e2,e3",3,"[[0, 1], [2, 3], [3, 4]]",0.04052734375,0.2587890625,3.369543281649287,0.31640625,110111,52,0.01123046875,0.030029296875,5.576554777496997,0.06884765625,0.029296875,0.228759765625,-2.20701149584771,0.24755859375,False,4,False,2,3,E:\SRFM_QUANTUM_PHASE5\results\raw\chain6\multi_ablation\phase5_chain6_predictive_parent_drop_k3_e0_e2_e3__noisy_sim__xbasis__shots4096.json
Phase5,SRFM Quantum Phase5 Predictive Structural Response Study,chain6,path,loop_free_comparison,predictive_parent,adaptive_improvement_then_collapse,phase5_chain6_predictive_parent_drop_k3_e0_e2_e4,phase5_chain6_predictive_parent,3,"e0,e2,e4",3,"[[0, 1], [2, 3], [4, 5]]",0.51806640625,0.65625,2.197931532473105,0.65625,111111,34,0.01123046875,0.030029296875,5.576554777496997,0.06884765625,0.5068359375,0.626220703125,-3.3786232450238924,0.58740234375,False,4,False,2,3,E:\SRFM_QUANTUM_PHASE5\results\raw\chain6\multi_ablation\phase5_chain6_predictive_parent_drop_k3_e0_e2_e4__noisy_sim__xbasis__shots4096.json
Phase5,SRFM Quantum Phase5 Predictive Structural Response Study,chain6,path,loop_free_comparison,predictive_parent,adaptive_improvement_then_collapse,phase5_chain6_predictive_parent_drop_k3_e0_e3_e4,phase5_chain6_predictive_parent,3,"e0,e3,e4",3,"[[0, 1], [3, 4], [4, 5]]",0.08935546875,0.147705078125,4.077064942580416,0.185791015625,110111,52,0.01123046875,0.030029296875,5.576554777496997,0.06884765625,0.078125,0.11767578125,-1.4994898349165808,0.116943359375,False,4,False,2,3,E:\SRFM_QUANTUM_PHASE5\results\raw\chain6\multi_ablation\phase5_chain6_predictive_parent_drop_k3_e0_e3_e4__noisy_sim__xbasis__shots4096.json
Phase5,SRFM Quantum Phase5 Predictive Structural Response Study,chain6,path,loop_free_comparison,predictive_parent,adaptive_improvement_then_collapse,phase5_chain6_predictive_parent_drop_k3_e1_e2_e3,phase5_chain6_predictive_parent,3,"e1,e2,e3",3,"[[1, 2], [2, 3], [3, 4]]",0.0068359375,0.09716796875,4.578159091321201,0.146240234375,110011,64,0.01123046875,0.030029296875,5.576554777496997,0.06884765625,-0.00439453125,0.067138671875,-0.9983956861757965,0.077392578125,False,4,False,2,3,E:\SRFM_QUANTUM_PHASE5\results\raw\chain6\multi_ablation\phase5_chain6_predictive_parent_drop_k3_e1_e2_e3__noisy_sim__xbasis__shots4096.json
Phase5,SRFM Quantum Phase5 Predictive Structural Response Study,chain6,path,loop_free_comparison,predictive_parent,adaptive_improvement_then_collapse,phase5_chain6_predictive_parent_drop_k3_e1_e2_e4,phase5_chain6_predictive_parent,3,"e1,e2,e4",3,"[[1, 2], [2, 3], [4, 5]]",0.03173828125,0.257080078125,3.4049953816232144,0.3095703125,111011,50,0.01123046875,0.030029296875,5.576554777496997,0.06884765625,0.0205078125,0.22705078125,-2.171559395873783,0.24072265625,False,4,False,2,3,E:\SRFM_QUANTUM_PHASE5\results\raw\chain6\multi_ablation\phase5_chain6_predictive_parent_drop_k3_e1_e2_e4__noisy_sim__xbasis__shots4096.json
Phase5,SRFM Quantum Phase5 Predictive Structural Response Study,chain6,path,loop_free_comparison,predictive_parent,adaptive_improvement_then_collapse,phase5_chain6_predictive_parent_drop_k3_e1_e3_e4,phase5_chain6_predictive_parent,3,"e1,e3,e4",3,"[[1, 2], [3, 4], [4, 5]]",0.2568359375,0.39306640625,3.40304512538732,0.39306640625,111111,53,0.01123046875,0.030029296875,5.576554777496997,0.06884765625,0.24560546875,0.363037109375,-2.173509652109677,0.32421875,False,4,False,2,3,E:\SRFM_QUANTUM_PHASE5\results\raw\chain6\multi_ablation\phase5_chain6_predictive_parent_drop_k3_e1_e3_e4__noisy_sim__xbasis__shots4096.json
Phase5,SRFM Quantum Phase5 Predictive Structural Response Study,chain6,path,loop_free_comparison,predictive_parent,adaptive_improvement_then_collapse,phase5_chain6_predictive_parent_drop_k3_e2_e3_e4,phase5_chain6_predictive_parent,3,"e2,e3,e4",3,"[[2, 3], [3, 4], [4, 5]]",0.01416015625,0.0458984375,4.703925886487727,0.1083984375,110011,60,0.01123046875,0.030029296875,5.576554777496997,0.06884765625,0.0029296875,0.015869140625,-0.8726288910092705,0.03955078125,False,4,False,2,3,E:\SRFM_QUANTUM_PHASE5\results\raw\chain6\multi_ablation\phase5_chain6_predictive_parent_drop_k3_e2_e3_e4__noisy_sim__xbasis__shots4096.json
Phase5,SRFM Quantum Phase5 Predictive Structural Response Study,random6,irregular6_fixed,fixed_irregular_comparison,predictive_parent,intermediate_mixed_response,phase5_random6_predictive_parent_drop_k1_e0,phase5_random6_predictive_parent,1,e0,1,"[[0, 1]]",0.0556640625,0.0185546875,5.0214480017980305,0.08984375,101111,62,0.02294921875,0.03173828125,5.70371154340416,0.058349609375,0.03271484375,-0.01318359375,-0.6822635416061296,0.031494140625,False,2,True,5,1,E:\SRFM_QUANTUM_PHASE5\results\raw\random6\multi_ablation\phase5_random6_predictive_parent_drop_k1_e0__noisy_sim__xbasis__shots4096.json
Phase5,SRFM Quantum Phase5 Predictive Structural Response Study,random6,irregular6_fixed,fixed_irregular_comparison,predictive_parent,intermediate_mixed_response,phase5_random6_predictive_parent_drop_k1_e1,phase5_random6_predictive_parent,1,e1,1,"[[1, 2]]",0.078125,0.1123046875,5.326398438694357,0.1123046875,111111,64,0.02294921875,0.03173828125,5.70371154340416,0.058349609375,0.05517578125,0.08056640625,-0.3773131047098035,0.053955078125,True,1,False,5,1,E:\SRFM_QUANTUM_PHASE5\results\raw\random6\multi_ablation\phase5_random6_predictive_parent_drop_k1_e1__noisy_sim__xbasis__shots4096.json
Phase5,SRFM Quantum Phase5 Predictive Structural Response Study,random6,irregular6_fixed,fixed_irregular_comparison,predictive_parent,intermediate_mixed_response,phase5_random6_predictive_parent_drop_k1_e2,phase5_random6_predictive_parent,1,e2,1,"[[2, 3]]",0.1025390625,0.030517578125,5.496856467017756,0.064697265625,110011,64,0.02294921875,0.03173828125,5.70371154340416,0.058349609375,0.07958984375,-0.001220703125,-0.20685507638640388,0.00634765625,True,1,False,5,1,E:\SRFM_QUANTUM_PHASE5\results\raw\random6\multi_ablation\phase5_random6_predictive_parent_drop_k1_e2__noisy_sim__xbasis__shots4096.json
Phase5,SRFM Quantum Phase5 Predictive Structural Response Study,random6,irregular6_fixed,fixed_irregular_comparison,predictive_parent,intermediate_mixed_response,phase5_random6_predictive_parent_drop_k1_e3,phase5_random6_predictive_parent,1,e3,1,"[[3, 4]]",0.08740234375,0.1123046875,5.329566958416176,0.1123046875,111111,64,0.02294921875,0.03173828125,5.70371154340416,0.058349609375,0.064453125,0.08056640625,-0.37414458498798453,0.053955078125,True,1,False,5,1,E:\SRFM_QUANTUM_PHASE5\results\raw\random6\multi_ablation\phase5_random6_predictive_parent_drop_k1_e3__noisy_sim__xbasis__shots4096.json
Phase5,SRFM Quantum Phase5 Predictive Structural Response Study,random6,irregular6_fixed,fixed_irregular_comparison,predictive_parent,intermediate_mixed_response,phase5_random6_predictive_parent_drop_k1_e4,phase5_random6_predictive_parent,1,e4,1,"[[4, 1]]",0.0146484375,0.02880859375,5.552348636185646,0.07470703125,110011,64,0.02294921875,0.03173828125,5.70371154340416,0.058349609375,-0.00830078125,-0.0029296875,-0.1513629072185143,0.016357421875,True,1,False,5,1,E:\SRFM_QUANTUM_PHASE5\results\raw\random6\multi_ablation\phase5_random6_predictive_parent_drop_k1_e4__noisy_sim__xbasis__shots4096.json
Phase5,SRFM Quantum Phase5 Predictive Structural Response Study,random6,irregular6_fixed,fixed_irregular_comparison,predictive_parent,intermediate_mixed_response,phase5_random6_predictive_parent_drop_k1_e5,phase5_random6_predictive_parent,1,e5,1,"[[4, 5]]",0.0439453125,0.015869140625,4.979284515922803,0.084716796875,111101,63,0.02294921875,0.03173828125,5.70371154340416,0.058349609375,0.02099609375,-0.015869140625,-0.7244270274813571,0.0263671875,False,2,True,5,1,E:\SRFM_QUANTUM_PHASE5\results\raw\random6\multi_ablation\phase5_random6_predictive_parent_drop_k1_e5__noisy_sim__xbasis__shots4096.json
Phase5,SRFM Quantum Phase5 Predictive Structural Response Study,random6,irregular6_fixed,fixed_irregular_comparison,predictive_parent,intermediate_mixed_response,phase5_random6_predictive_parent_drop_k2_e0_e1,phase5_random6_predictive_parent,2,"e0,e1",2,"[[0, 1], [1, 2]]",0.0341796875,0.064208984375,4.8388396302088825,0.109130859375,101111,60,0.02294921875,0.03173828125,5.70371154340416,0.058349609375,0.01123046875,0.032470703125,-0.8648719131952776,0.05078125,False,2,False,4,2,E:\SRFM_QUANTUM_PHASE5\results\raw\random6\multi_ablation\phase5_random6_predictive_parent_drop_k2_e0_e1__noisy_sim__xbasis__shots4096.json
Phase5,SRFM Quantum Phase5 Predictive Structural Response Study,random6,irregular6_fixed,fixed_irregular_comparison,predictive_parent,intermediate_mixed_response,phase5_random6_predictive_parent_drop_k2_e0_e2,phase5_random6_predictive_parent,2,"e0,e2",2,"[[0, 1], [2, 3]]",0.00390625,0.046630859375,4.996604359952137,0.089111328125,110111,64,0.02294921875,0.03173828125,5.70371154340416,0.058349609375,-0.01904296875,0.014892578125,-0.7071071834520231,0.03076171875,False,2,False,4,2,E:\SRFM_QUANTUM_PHASE5\results\raw\random6\multi_ablation\phase5_random6_predictive_parent_drop_k2_e0_e2__noisy_sim__xbasis__shots4096.json
Phase5,SRFM Quantum Phase5 Predictive Structural Response Study,random6,irregular6_fixed,fixed_irregular_comparison,predictive_parent,intermediate_mixed_response,phase5_random6_predictive_parent_drop_k2_e0_e3,phase5_random6_predictive_parent,2,"e0,e3",2,"[[0, 1], [3, 4]]",0.13037109375,0.100830078125,4.9676812428979655,0.100830078125,111111,62,0.02294921875,0.03173828125,5.70371154340416,0.058349609375,0.107421875,0.069091796875,-0.7360303005061946,0.04248046875,False,2,False,4,2,E:\SRFM_QUANTUM_PHASE5\results\raw\random6\multi_ablation\phase5_random6_predictive_parent_drop_k2_e0_e3__noisy_sim__xbasis__shots4096.json
Phase5,SRFM Quantum Phase5 Predictive Structural Response Study,random6,irregular6_fixed,fixed_irregular_comparison,predictive_parent,intermediate_mixed_response,phase5_random6_predictive_parent_drop_k2_e0_e4,phase5_random6_predictive_parent,2,"e0,e4",2,"[[0, 1], [4, 1]]",0.0263671875,0.12939453125,4.65719982580604,0.169677734375,110111,62,0.02294921875,0.03173828125,5.70371154340416,0.058349609375,0.00341796875,0.09765625,-1.0465117175981202,0.111328125,False,2,False,4,2,E:\SRFM_QUANTUM_PHASE5\results\raw\random6\multi_ablation\phase5_random6_predictive_parent_drop_k2_e0_e4__noisy_sim__xbasis__shots4096.json
Phase5,SRFM Quantum Phase5 Predictive Structural Response Study,random6,irregular6_fixed,fixed_irregular_comparison,predictive_parent,intermediate_mixed_response,phase5_random6_predictive_parent_drop_k2_e0_e5,phase5_random6_predictive_parent,2,"e0,e5",2,"[[0, 1], [4, 5]]",0.3447265625,0.103271484375,4.156369520482892,0.180419921875,100001,56,0.02294921875,0.03173828125,5.70371154340416,0.058349609375,0.32177734375,0.071533203125,-1.547342022921268,0.1220703125,False,3,True,4,2,E:\SRFM_QUANTUM_PHASE5\results\raw\random6\multi_ablation\phase5_random6_predictive_parent_drop_k2_e0_e5__noisy_sim__xbasis__shots4096.json
Phase5,SRFM Quantum Phase5 Predictive Structural Response Study,random6,irregular6_fixed,fixed_irregular_comparison,predictive_parent,intermediate_mixed_response,phase5_random6_predictive_parent_drop_k2_e1_e2,phase5_random6_predictive_parent,2,"e1,e2",2,"[[1, 2], [2, 3]]",0.00634765625,0.03173828125,5.425534848392517,0.078125,110011,64,0.02294921875,0.03173828125,5.70371154340416,0.058349609375,-0.0166015625,0.0,-0.2781766950116431,0.019775390625,False,2,False,4,2,E:\SRFM_QUANTUM_PHASE5\results\raw\random6\multi_ablation\phase5_random6_predictive_parent_drop_k2_e1_e2__noisy_sim__xbasis__shots4096.json
Phase5,SRFM Quantum Phase5 Predictive Structural Response Study,random6,irregular6_fixed,fixed_irregular_comparison,predictive_parent,intermediate_mixed_response,phase5_random6_predictive_parent_drop_k2_e1_e3,phase5_random6_predictive_parent,2,"e1,e3",2,"[[1, 2], [3, 4]]",0.27978515625,0.2294921875,4.372735560652886,0.2294921875,111111,63,0.02294921875,0.03173828125,5.70371154340416,0.058349609375,0.2568359375,0.19775390625,-1.3309759827512737,0.171142578125,False,2,False,4,2,E:\SRFM_QUANTUM_PHASE5\results\raw\random6\multi_ablation\phase5_random6_predictive_parent_drop_k2_e1_e3__noisy_sim__xbasis__shots4096.json
Phase5,SRFM Quantum Phase5 Predictive Structural Response Study,random6,irregular6_fixed,fixed_irregular_comparison,predictive_parent,intermediate_mixed_response,phase5_random6_predictive_parent_drop_k2_e1_e4,phase5_random6_predictive_parent,2,"e1,e4",2,"[[1, 2], [4, 1]]",0.1044921875,0.133544921875,4.897642793002472,0.133544921875,111111,64,0.02294921875,0.03173828125,5.70371154340416,0.058349609375,0.08154296875,0.101806640625,-0.8060687504016881,0.0751953125,False,2,False,4,2,E:\SRFM_QUANTUM_PHASE5\results\raw\random6\multi_ablation\phase5_random6_predictive_parent_drop_k2_e1_e4__noisy_sim__xbasis__shots4096.json
Phase5,SRFM Quantum Phase5 Predictive Structural Response Study,random6,irregular6_fixed,fixed_irregular_comparison,predictive_parent,intermediate_mixed_response,phase5_random6_predictive_parent_drop_k2_e1_e5,phase5_random6_predictive_parent,2,"e1,e5",2,"[[1, 2], [4, 5]]",0.11328125,0.10107421875,4.908179608985037,0.10107421875,111111,63,0.02294921875,0.03173828125,5.70371154340416,0.058349609375,0.09033203125,0.0693359375,-0.795531934419123,0.042724609375,False,2,False,4,2,E:\SRFM_QUANTUM_PHASE5\results\raw\random6\multi_ablation\phase5_random6_predictive_parent_drop_k2_e1_e5__noisy_sim__xbasis__shots4096.json
Phase5,SRFM Quantum Phase5 Predictive Structural Response Study,random6,irregular6_fixed,fixed_irregular_comparison,predictive_parent,intermediate_mixed_response,phase5_random6_predictive_parent_drop_k2_e2_e3,phase5_random6_predictive_parent,2,"e2,e3",2,"[[2, 3], [3, 4]]",0.00244140625,0.03076171875,5.424179012340412,0.072998046875,110011,64,0.02294921875,0.03173828125,5.70371154340416,0.058349609375,-0.0205078125,-0.0009765625,-0.2795325310637482,0.0146484375,False,2,False,4,2,E:\SRFM_QUANTUM_PHASE5\results\raw\random6\multi_ablation\phase5_random6_predictive_parent_drop_k2_e2_e3__noisy_sim__xbasis__shots4096.json
Phase5,SRFM Quantum Phase5 Predictive Structural Response Study,random6,irregular6_fixed,fixed_irregular_comparison,predictive_parent,intermediate_mixed_response,phase5_random6_predictive_parent_drop_k2_e2_e4,phase5_random6_predictive_parent,2,"e2,e4",2,"[[2, 3], [4, 1]]",0.25341796875,0.0234375,5.326094999663982,0.079833984375,110011,63,0.02294921875,0.03173828125,5.70371154340416,0.058349609375,0.23046875,-0.00830078125,-0.37761654374017795,0.021484375,False,2,False,4,2,E:\SRFM_QUANTUM_PHASE5\results\raw\random6\multi_ablation\phase5_random6_predictive_parent_drop_k2_e2_e4__noisy_sim__xbasis__shots4096.json
Phase5,SRFM Quantum Phase5 Predictive Structural Response Study,random6,irregular6_fixed,fixed_irregular_comparison,predictive_parent,intermediate_mixed_response,phase5_random6_predictive_parent_drop_k2_e2_e5,phase5_random6_predictive_parent,2,"e2,e5",2,"[[2, 3], [4, 5]]",0.0234375,0.0439453125,4.973543328242235,0.087890625,111011,63,0.02294921875,0.03173828125,5.70371154340416,0.058349609375,0.00048828125,0.01220703125,-0.7301682151619246,0.029541015625,False,2,False,4,2,E:\SRFM_QUANTUM_PHASE5\results\raw\random6\multi_ablation\phase5_random6_predictive_parent_drop_k2_e2_e5__noisy_sim__xbasis__shots4096.json
Phase5,SRFM Quantum Phase5 Predictive Structural Response Study,random6,irregular6_fixed,fixed_irregular_comparison,predictive_parent,intermediate_mixed_response,phase5_random6_predictive_parent_drop_k2_e3_e4,phase5_random6_predictive_parent,2,"e3,e4",2,"[[3, 4], [4, 1]]",0.1162109375,0.132080078125,4.874846559994928,0.132080078125,111111,63,0.02294921875,0.03173828125,5.70371154340416,0.058349609375,0.09326171875,0.100341796875,-0.8288649834092316,0.07373046875,False,2,False,4,2,E:\SRFM_QUANTUM_PHASE5\results\raw\random6\multi_ablation\phase5_random6_predictive_parent_drop_k2_e3_e4__noisy_sim__xbasis__shots4096.json
Phase5,SRFM Quantum Phase5 Predictive Structural Response Study,random6,irregular6_fixed,fixed_irregular_comparison,predictive_parent,intermediate_mixed_response,phase5_random6_predictive_parent_drop_k2_e3_e5,phase5_random6_predictive_parent,2,"e3,e5",2,"[[3, 4], [4, 5]]",0.02587890625,0.0634765625,4.796076199581143,0.110595703125,111101,64,0.02294921875,0.03173828125,5.70371154340416,0.058349609375,0.0029296875,0.03173828125,-0.9076353438230171,0.05224609375,False,2,False,4,2,E:\SRFM_QUANTUM_PHASE5\results\raw\random6\multi_ablation\phase5_random6_predictive_parent_drop_k2_e3_e5__noisy_sim__xbasis__shots4096.json
Phase5,SRFM Quantum Phase5 Predictive Structural Response Study,random6,irregular6_fixed,fixed_irregular_comparison,predictive_parent,intermediate_mixed_response,phase5_random6_predictive_parent_drop_k2_e4_e5,phase5_random6_predictive_parent,2,"e4,e5",2,"[[4, 1], [4, 5]]",0.01806640625,0.128173828125,4.631859811921366,0.1669921875,111011,61,0.02294921875,0.03173828125,5.70371154340416,0.058349609375,-0.0048828125,0.096435546875,-1.071851731482794,0.108642578125,False,2,False,4,2,E:\SRFM_QUANTUM_PHASE5\results\raw\random6\multi_ablation\phase5_random6_predictive_parent_drop_k2_e4_e5__noisy_sim__xbasis__shots4096.json
Phase5,SRFM Quantum Phase5 Predictive Structural Response Study,random6,irregular6_fixed,fixed_irregular_comparison,predictive_parent,intermediate_mixed_response,phase5_random6_predictive_parent_drop_k3_e0_e1_e2,phase5_random6_predictive_parent,3,"e0,e1,e2",3,"[[0, 1], [1, 2], [2, 3]]",0.03271484375,0.00927734375,4.8405116425964705,0.109375,101011,59,0.02294921875,0.03173828125,5.70371154340416,0.058349609375,0.009765625,-0.0224609375,-0.8631999008076896,0.051025390625,False,3,False,3,3,E:\SRFM_QUANTUM_PHASE5\results\raw\random6\multi_ablation\phase5_random6_predictive_parent_drop_k3_e0_e1_e2__noisy_sim__xbasis__shots4096.json
Phase5,SRFM Quantum Phase5 Predictive Structural Response Study,random6,irregular6_fixed,fixed_irregular_comparison,predictive_parent,intermediate_mixed_response,phase5_random6_predictive_parent_drop_k3_e0_e1_e3,phase5_random6_predictive_parent,3,"e0,e1,e3",3,"[[0, 1], [1, 2], [3, 4]]",0.37744140625,0.119384765625,3.918396603845566,0.205810546875,101111,56,0.02294921875,0.03173828125,5.70371154340416,0.058349609375,0.3544921875,0.087646484375,-1.785314939558594,0.1474609375,False,3,False,3,3,E:\SRFM_QUANTUM_PHASE5\results\raw\random6\multi_ablation\phase5_random6_predictive_parent_drop_k3_e0_e1_e3__noisy_sim__xbasis__shots4096.json
Phase5,SRFM Quantum Phase5 Predictive Structural Response Study,random6,irregular6_fixed,fixed_irregular_comparison,predictive_parent,intermediate_mixed_response,phase5_random6_predictive_parent_drop_k3_e0_e1_e4,phase5_random6_predictive_parent,3,"e0,e1,e4",3,"[[0, 1], [1, 2], [4, 1]]",0.06396484375,0.132080078125,4.751351863150588,0.132080078125,111111,61,0.02294921875,0.03173828125,5.70371154340416,0.058349609375,0.041015625,0.100341796875,-0.9523596802535721,0.07373046875,False,3,False,3,3,E:\SRFM_QUANTUM_PHASE5\results\raw\random6\multi_ablation\phase5_random6_predictive_parent_drop_k3_e0_e1_e4__noisy_sim__xbasis__shots4096.json
Phase5,SRFM Quantum Phase5 Predictive Structural Response Study,random6,irregular6_fixed,fixed_irregular_comparison,predictive_parent,intermediate_mixed_response,phase5_random6_predictive_parent_drop_k3_e0_e1_e5,phase5_random6_predictive_parent,3,"e0,e1,e5",3,"[[0, 1], [1, 2], [4, 5]]",0.10498046875,0.143310546875,4.309948057345839,0.143310546875,111111,53,0.02294921875,0.03173828125,5.70371154340416,0.058349609375,0.08203125,0.111572265625,-1.3937634860583215,0.0849609375,False,3,False,3,3,E:\SRFM_QUANTUM_PHASE5\results\raw\random6\multi_ablation\phase5_random6_predictive_parent_drop_k3_e0_e1_e5__noisy_sim__xbasis__shots4096.json
Phase5,SRFM Quantum Phase5 Predictive Structural Response Study,random6,irregular6_fixed,fixed_irregular_comparison,predictive_parent,intermediate_mixed_response,phase5_random6_predictive_parent_drop_k3_e0_e2_e3,phase5_random6_predictive_parent,3,"e0,e2,e3",3,"[[0, 1], [2, 3], [3, 4]]",0.01513671875,0.06689453125,5.006518326192682,0.0908203125,110111,62,0.02294921875,0.03173828125,5.70371154340416,0.058349609375,-0.0078125,0.03515625,-0.6971932172114785,0.032470703125,False,3,False,3,3,E:\SRFM_QUANTUM_PHASE5\results\raw\random6\multi_ablation\phase5_random6_predictive_parent_drop_k3_e0_e2_e3__noisy_sim__xbasis__shots4096.json
Phase5,SRFM Quantum Phase5 Predictive Structural Response Study,random6,irregular6_fixed,fixed_irregular_comparison,predictive_parent,intermediate_mixed_response,phase5_random6_predictive_parent_drop_k3_e0_e2_e4,phase5_random6_predictive_parent,3,"e0,e2,e4",3,"[[0, 1], [2, 3], [4, 1]]",0.33837890625,0.119140625,3.785879359812104,0.229736328125,110111,57,0.02294921875,0.03173828125,5.70371154340416,0.058349609375,0.3154296875,0.08740234375,-1.917832183592056,0.17138671875,False,3,False,3,3,E:\SRFM_QUANTUM_PHASE5\results\raw\random6\multi_ablation\phase5_random6_predictive_parent_drop_k3_e0_e2_e4__noisy_sim__xbasis__shots4096.json
Phase5,SRFM Quantum Phase5 Predictive Structural Response Study,random6,irregular6_fixed,fixed_irregular_comparison,predictive_parent,intermediate_mixed_response,phase5_random6_predictive_parent_drop_k3_e0_e2_e5,phase5_random6_predictive_parent,3,"e0,e2,e5",3,"[[0, 1], [2, 3], [4, 5]]",0.02734375,0.07373046875,4.373690459191911,0.10546875,111011,52,0.02294921875,0.03173828125,5.70371154340416,0.058349609375,0.00439453125,0.0419921875,-1.330021084212249,0.047119140625,False,3,False,3,3,E:\SRFM_QUANTUM_PHASE5\results\raw\random6\multi_ablation\phase5_random6_predictive_parent_drop_k3_e0_e2_e5__noisy_sim__xbasis__shots4096.json
Phase5,SRFM Quantum Phase5 Predictive Structural Response Study,random6,irregular6_fixed,fixed_irregular_comparison,predictive_parent,intermediate_mixed_response,phase5_random6_predictive_parent_drop_k3_e0_e3_e4,phase5_random6_predictive_parent,3,"e0,e3,e4",3,"[[0, 1], [3, 4], [4, 1]]",0.1201171875,0.14306640625,4.314517652030859,0.184814453125,110111,61,0.02294921875,0.03173828125,5.70371154340416,0.058349609375,0.09716796875,0.111328125,-1.389193891373301,0.12646484375,False,3,False,3,3,E:\SRFM_QUANTUM_PHASE5\results\raw\random6\multi_ablation\phase5_random6_predictive_parent_drop_k3_e0_e3_e4__noisy_sim__xbasis__shots4096.json
Phase5,SRFM Quantum Phase5 Predictive Structural Response Study,random6,irregular6_fixed,fixed_irregular_comparison,predictive_parent,intermediate_mixed_response,phase5_random6_predictive_parent_drop_k3_e0_e3_e5,phase5_random6_predictive_parent,3,"e0,e3,e5",3,"[[0, 1], [3, 4], [4, 5]]",0.09130859375,0.1435546875,4.314054363954004,0.1435546875,111111,58,0.02294921875,0.03173828125,5.70371154340416,0.058349609375,0.068359375,0.11181640625,-1.3896571794501558,0.085205078125,False,3,False,3,3,E:\SRFM_QUANTUM_PHASE5\results\raw\random6\multi_ablation\phase5_random6_predictive_parent_drop_k3_e0_e3_e5__noisy_sim__xbasis__shots4096.json
Phase5,SRFM Quantum Phase5 Predictive Structural Response Study,random6,irregular6_fixed,fixed_irregular_comparison,predictive_parent,intermediate_mixed_response,phase5_random6_predictive_parent_drop_k3_e0_e4_e5,phase5_random6_predictive_parent,3,"e0,e4,e5",3,"[[0, 1], [4, 1], [4, 5]]",0.28369140625,0.284423828125,4.037323612197662,0.284423828125,111111,54,0.02294921875,0.03173828125,5.70371154340416,0.058349609375,0.2607421875,0.252685546875,-1.666387931206498,0.22607421875,False,3,False,3,3,E:\SRFM_QUANTUM_PHASE5\results\raw\random6\multi_ablation\phase5_random6_predictive_parent_drop_k3_e0_e4_e5__noisy_sim__xbasis__shots4096.json
Phase5,SRFM Quantum Phase5 Predictive Structural Response Study,random6,irregular6_fixed,fixed_irregular_comparison,predictive_parent,intermediate_mixed_response,phase5_random6_predictive_parent_drop_k3_e1_e2_e3,phase5_random6_predictive_parent,3,"e1,e2,e3",3,"[[1, 2], [2, 3], [3, 4]]",0.00634765625,0.053955078125,5.331484040229091,0.091552734375,110011,64,0.02294921875,0.03173828125,5.70371154340416,0.058349609375,-0.0166015625,0.022216796875,-0.37222750317506925,0.033203125,False,3,False,3,3,E:\SRFM_QUANTUM_PHASE5\results\raw\random6\multi_ablation\phase5_random6_predictive_parent_drop_k3_e1_e2_e3__noisy_sim__xbasis__shots4096.json
Phase5,SRFM Quantum Phase5 Predictive Structural Response Study,random6,irregular6_fixed,fixed_irregular_comparison,predictive_parent,intermediate_mixed_response,phase5_random6_predictive_parent_drop_k3_e1_e2_e4,phase5_random6_predictive_parent,3,"e1,e2,e4",3,"[[1, 2], [2, 3], [4, 1]]",0.021484375,0.04736328125,4.929240674717198,0.1142578125,110011,64,0.02294921875,0.03173828125,5.70371154340416,0.058349609375,-0.00146484375,0.015625,-0.7744708686869624,0.055908203125,False,3,False,3,3,E:\SRFM_QUANTUM_PHASE5\results\raw\random6\multi_ablation\phase5_random6_predictive_parent_drop_k3_e1_e2_e4__noisy_sim__xbasis__shots4096.json
Phase5,SRFM Quantum Phase5 Predictive Structural Response Study,random6,irregular6_fixed,fixed_irregular_comparison,predictive_parent,intermediate_mixed_response,phase5_random6_predictive_parent_drop_k3_e1_e2_e5,phase5_random6_predictive_parent,3,"e1,e2,e5",3,"[[1, 2], [2, 3], [4, 5]]",0.01025390625,0.065673828125,4.972729094375409,0.088623046875,111011,62,0.02294921875,0.03173828125,5.70371154340416,0.058349609375,-0.0126953125,0.033935546875,-0.7309824490287511,0.0302734375,False,3,False,3,3,E:\SRFM_QUANTUM_PHASE5\results\raw\random6\multi_ablation\phase5_random6_predictive_parent_drop_k3_e1_e2_e5__noisy_sim__xbasis__shots4096.json
Phase5,SRFM Quantum Phase5 Predictive Structural Response Study,random6,irregular6_fixed,fixed_irregular_comparison,predictive_parent,intermediate_mixed_response,phase5_random6_predictive_parent_drop_k3_e1_e3_e4,phase5_random6_predictive_parent,3,"e1,e3,e4",3,"[[1, 2], [3, 4], [4, 1]]",0.34716796875,0.40478515625,3.509940389794545,0.40478515625,111111,58,0.02294921875,0.03173828125,5.70371154340416,0.058349609375,0.32421875,0.373046875,-2.193771153609615,0.346435546875,False,3,False,3,3,E:\SRFM_QUANTUM_PHASE5\results\raw\random6\multi_ablation\phase5_random6_predictive_parent_drop_k3_e1_e3_e4__noisy_sim__xbasis__shots4096.json
Phase5,SRFM Quantum Phase5 Predictive Structural Response Study,random6,irregular6_fixed,fixed_irregular_comparison,predictive_parent,intermediate_mixed_response,phase5_random6_predictive_parent_drop_k3_e1_e3_e5,phase5_random6_predictive_parent,3,"e1,e3,e5",3,"[[1, 2], [3, 4], [4, 5]]",0.38671875,0.1162109375,3.8913214695334655,0.20849609375,111101,54,0.02294921875,0.03173828125,5.70371154340416,0.058349609375,0.36376953125,0.08447265625,-1.8123900738706946,0.150146484375,False,3,False,3,3,E:\SRFM_QUANTUM_PHASE5\results\raw\random6\multi_ablation\phase5_random6_predictive_parent_drop_k3_e1_e3_e5__noisy_sim__xbasis__shots4096.json
Phase5,SRFM Quantum Phase5 Predictive Structural Response Study,random6,irregular6_fixed,fixed_irregular_comparison,predictive_parent,intermediate_mixed_response,phase5_random6_predictive_parent_drop_k3_e1_e4_e5,phase5_random6_predictive_parent,3,"e1,e4,e5",3,"[[1, 2], [4, 1], [4, 5]]",0.12158203125,0.143798828125,4.2837710978377475,0.180419921875,111011,59,0.02294921875,0.03173828125,5.70371154340416,0.058349609375,0.0986328125,0.112060546875,-1.4199404455664126,0.1220703125,False,3,False,3,3,E:\SRFM_QUANTUM_PHASE5\results\raw\random6\multi_ablation\phase5_random6_predictive_parent_drop_k3_e1_e4_e5__noisy_sim__xbasis__shots4096.json
Phase5,SRFM Quantum Phase5 Predictive Structural Response Study,random6,irregular6_fixed,fixed_irregular_comparison,predictive_parent,intermediate_mixed_response,phase5_random6_predictive_parent_drop_k3_e2_e3_e4,phase5_random6_predictive_parent,3,"e2,e3,e4",3,"[[2, 3], [3, 4], [4, 1]]",0.04541015625,0.0458984375,4.878402073122265,0.115478515625,110011,64,0.02294921875,0.03173828125,5.70371154340416,0.058349609375,0.0224609375,0.01416015625,-0.825309470281895,0.05712890625,False,3,False,3,3,E:\SRFM_QUANTUM_PHASE5\results\raw\random6\multi_ablation\phase5_random6_predictive_parent_drop_k3_e2_e3_e4__noisy_sim__xbasis__shots4096.json
Phase5,SRFM Quantum Phase5 Predictive Structural Response Study,random6,irregular6_fixed,fixed_irregular_comparison,predictive_parent,intermediate_mixed_response,phase5_random6_predictive_parent_drop_k3_e2_e3_e5,phase5_random6_predictive_parent,3,"e2,e3,e5",3,"[[2, 3], [3, 4], [4, 5]]",0.04638671875,0.009033203125,4.808598688089713,0.108154296875,110101,62,0.02294921875,0.03173828125,5.70371154340416,0.058349609375,0.0234375,-0.022705078125,-0.895112855314447,0.0498046875,False,3,False,3,3,E:\SRFM_QUANTUM_PHASE5\results\raw\random6\multi_ablation\phase5_random6_predictive_parent_drop_k3_e2_e3_e5__noisy_sim__xbasis__shots4096.json
Phase5,SRFM Quantum Phase5 Predictive Structural Response Study,random6,irregular6_fixed,fixed_irregular_comparison,predictive_parent,intermediate_mixed_response,phase5_random6_predictive_parent_drop_k3_e2_e4_e5,phase5_random6_predictive_parent,3,"e2,e4,e5",3,"[[2, 3], [4, 1], [4, 5]]",0.3564453125,0.11279296875,3.7678212697321056,0.2294921875,111011,56,0.02294921875,0.03173828125,5.70371154340416,0.058349609375,0.33349609375,0.0810546875,-1.9358902736720545,0.171142578125,False,3,False,3,3,E:\SRFM_QUANTUM_PHASE5\results\raw\random6\multi_ablation\phase5_random6_predictive_parent_drop_k3_e2_e4_e5__noisy_sim__xbasis__shots4096.json
Phase5,SRFM Quantum Phase5 Predictive Structural Response Study,random6,irregular6_fixed,fixed_irregular_comparison,predictive_parent,intermediate_mixed_response,phase5_random6_predictive_parent_drop_k3_e3_e4_e5,phase5_random6_predictive_parent,3,"e3,e4,e5",3,"[[3, 4], [4, 1], [4, 5]]",0.06689453125,0.130126953125,4.739345783791601,0.130126953125,111111,60,0.02294921875,0.03173828125,5.70371154340416,0.058349609375,0.0439453125,0.098388671875,-0.9643657596125594,0.07177734375,False,3,False,3,3,E:\SRFM_QUANTUM_PHASE5\results\raw\random6\multi_ablation\phase5_random6_predictive_parent_drop_k3_e3_e4_e5__noisy_sim__xbasis__shots4096.json
Phase5,SRFM Quantum Phase5 Predictive Structural Response Study,ring6,cycle,reference_baseline,predictive_parent,formation_dominated_gradual_degradation,phase5_ring6_predictive_parent_drop_k1_e0,phase5_ring6_predictive_parent,1,e0,1,"[[0, 1]]",0.00146484375,0.022216796875,5.5285564890144405,0.0810546875,000110,64,0.083984375,0.044677734375,5.724977501043443,0.044677734375,-0.08251953125,-0.0224609375,-0.19642101202900264,0.036376953125,True,1,False,5,1,E:\SRFM_QUANTUM_PHASE5\results\raw\ring6\multi_ablation\phase5_ring6_predictive_parent_drop_k1_e0__noisy_sim__xbasis__shots4096.json
Phase5,SRFM Quantum Phase5 Predictive Structural Response Study,ring6,cycle,reference_baseline,predictive_parent,formation_dominated_gradual_degradation,phase5_ring6_predictive_parent_drop_k1_e1,phase5_ring6_predictive_parent,1,e1,1,"[[1, 2]]",0.0810546875,0.010498046875,5.683454159225637,0.0537109375,001100,64,0.083984375,0.044677734375,5.724977501043443,0.044677734375,-0.0029296875,-0.0341796875,-0.041523341817805814,0.009033203125,True,1,False,5,1,E:\SRFM_QUANTUM_PHASE5\results\raw\ring6\multi_ablation\phase5_ring6_predictive_parent_drop_k1_e1__noisy_sim__xbasis__shots4096.json
Phase5,SRFM Quantum Phase5 Predictive Structural Response Study,ring6,cycle,reference_baseline,predictive_parent,formation_dominated_gradual_degradation,phase5_ring6_predictive_parent_drop_k1_e2,phase5_ring6_predictive_parent,1,e2,1,"[[2, 3]]",0.16064453125,0.013671875,5.7874993606665734,0.040283203125,000000,64,0.083984375,0.044677734375,5.724977501043443,0.044677734375,0.07666015625,-0.031005859375,0.06252185962313028,-0.00439453125,True,1,False,5,1,E:\SRFM_QUANTUM_PHASE5\results\raw\ring6\multi_ablation\phase5_ring6_predictive_parent_drop_k1_e2__noisy_sim__xbasis__shots4096.json
Phase5,SRFM Quantum Phase5 Predictive Structural Response Study,ring6,cycle,reference_baseline,predictive_parent,formation_dominated_gradual_degradation,phase5_ring6_predictive_parent_drop_k1_e3,phase5_ring6_predictive_parent,1,e3,1,"[[3, 4]]",0.08203125,0.01025390625,5.692385589602202,0.0537109375,001100,64,0.083984375,0.044677734375,5.724977501043443,0.044677734375,-0.001953125,-0.034423828125,-0.03259191144124074,0.009033203125,True,1,False,5,1,E:\SRFM_QUANTUM_PHASE5\results\raw\ring6\multi_ablation\phase5_ring6_predictive_parent_drop_k1_e3__noisy_sim__xbasis__shots4096.json
Phase5,SRFM Quantum Phase5 Predictive Structural Response Study,ring6,cycle,reference_baseline,predictive_parent,formation_dominated_gradual_degradation,phase5_ring6_predictive_parent_drop_k1_e4,phase5_ring6_predictive_parent,1,e4,1,"[[4, 5]]",0.03857421875,0.022705078125,5.5384792175516795,0.080810546875,011000,64,0.083984375,0.044677734375,5.724977501043443,0.044677734375,-0.04541015625,-0.02197265625,-0.18649828349176367,0.0361328125,True,1,False,5,1,E:\SRFM_QUANTUM_PHASE5\results\raw\ring6\multi_ablation\phase5_ring6_predictive_parent_drop_k1_e4__noisy_sim__xbasis__shots4096.json
Phase5,SRFM Quantum Phase5 Predictive Structural Response Study,ring6,cycle,reference_baseline,predictive_parent,formation_dominated_gradual_degradation,phase5_ring6_predictive_parent_drop_k1_e5,phase5_ring6_predictive_parent,1,e5,1,"[[5, 0]]",0.0009765625,0.03271484375,5.722312571467629,0.04248046875,110111,64,0.083984375,0.044677734375,5.724977501043443,0.044677734375,-0.0830078125,-0.011962890625,-0.002664929575813879,-0.002197265625,True,1,False,5,1,E:\SRFM_QUANTUM_PHASE5\results\raw\ring6\multi_ablation\phase5_ring6_predictive_parent_drop_k1_e5__noisy_sim__xbasis__shots4096.json
Phase5,SRFM Quantum Phase5 Predictive Structural Response Study,ring6,cycle,reference_baseline,predictive_parent,formation_dominated_gradual_degradation,phase5_ring6_predictive_parent_drop_k2_e0_e1,phase5_ring6_predictive_parent,2,"e0,e1",2,"[[0, 1], [1, 2]]",0.02783203125,0.031005859375,5.474552339999743,0.05908203125,000110,64,0.083984375,0.044677734375,5.724977501043443,0.044677734375,-0.05615234375,-0.013671875,-0.25042516104370005,0.014404296875,False,2,False,4,2,E:\SRFM_QUANTUM_PHASE5\results\raw\ring6\multi_ablation\phase5_ring6_predictive_parent_drop_k2_e0_e1__noisy_sim__xbasis__shots4096.json
Phase5,SRFM Quantum Phase5 Predictive Structural Response Study,ring6,cycle,reference_baseline,predictive_parent,formation_dominated_gradual_degradation,phase5_ring6_predictive_parent_drop_k2_e0_e2,phase5_ring6_predictive_parent,2,"e0,e2",2,"[[0, 1], [2, 3]]",0.00439453125,0.061767578125,4.921998621754214,0.0947265625,000110,64,0.083984375,0.044677734375,5.724977501043443,0.044677734375,-0.07958984375,0.01708984375,-0.8029788792892294,0.050048828125,False,2,False,4,2,E:\SRFM_QUANTUM_PHASE5\results\raw\ring6\multi_ablation\phase5_ring6_predictive_parent_drop_k2_e0_e2__noisy_sim__xbasis__shots4096.json
Phase5,SRFM Quantum Phase5 Predictive Structural Response Study,ring6,cycle,reference_baseline,predictive_parent,formation_dominated_gradual_degradation,phase5_ring6_predictive_parent_drop_k2_e0_e3,phase5_ring6_predictive_parent,2,"e0,e3",2,"[[0, 1], [3, 4]]",0.1640625,0.002197265625,4.934290015976336,0.098388671875,000110,64,0.083984375,0.044677734375,5.724977501043443,0.044677734375,0.080078125,-0.04248046875,-0.7906874850671075,0.0537109375,False,2,False,4,2,E:\SRFM_QUANTUM_PHASE5\results\raw\ring6\multi_ablation\phase5_ring6_predictive_parent_drop_k2_e0_e3__noisy_sim__xbasis__shots4096.json
Phase5,SRFM Quantum Phase5 Predictive Structural Response Study,ring6,cycle,reference_baseline,predictive_parent,formation_dominated_gradual_degradation,phase5_ring6_predictive_parent_drop_k2_e0_e4,phase5_ring6_predictive_parent,2,"e0,e4",2,"[[0, 1], [4, 5]]",0.10009765625,0.095947265625,5.260063355380445,0.105712890625,111110,64,0.083984375,0.044677734375,5.724977501043443,0.044677734375,0.01611328125,0.05126953125,-0.4649141456629984,0.06103515625,False,2,False,4,2,E:\SRFM_QUANTUM_PHASE5\results\raw\ring6\multi_ablation\phase5_ring6_predictive_parent_drop_k2_e0_e4__noisy_sim__xbasis__shots4096.json
Phase5,SRFM Quantum Phase5 Predictive Structural Response Study,ring6,cycle,reference_baseline,predictive_parent,formation_dominated_gradual_degradation,phase5_ring6_predictive_parent_drop_k2_e0_e5,phase5_ring6_predictive_parent,2,"e0,e5",2,"[[0, 1], [5, 0]]",0.0673828125,0.086181640625,4.847926206317092,0.109375,110111,63,0.083984375,0.044677734375,5.724977501043443,0.044677734375,-0.0166015625,0.04150390625,-0.8770512947263516,0.064697265625,False,2,False,4,2,E:\SRFM_QUANTUM_PHASE5\results\raw\ring6\multi_ablation\phase5_ring6_predictive_parent_drop_k2_e0_e5__noisy_sim__xbasis__shots4096.json
Phase5,SRFM Quantum Phase5 Predictive Structural Response Study,ring6,cycle,reference_baseline,predictive_parent,formation_dominated_gradual_degradation,phase5_ring6_predictive_parent_drop_k2_e1_e2,phase5_ring6_predictive_parent,2,"e1,e2",2,"[[1, 2], [2, 3]]",0.0224609375,0.029296875,5.736640217620157,0.03857421875,110101,64,0.083984375,0.044677734375,5.724977501043443,0.044677734375,-0.0615234375,-0.015380859375,0.011662716576713805,-0.006103515625,False,2,False,4,2,E:\SRFM_QUANTUM_PHASE5\results\raw\ring6\multi_ablation\phase5_ring6_predictive_parent_drop_k2_e1_e2__noisy_sim__xbasis__shots4096.json
Phase5,SRFM Quantum Phase5 Predictive Structural Response Study,ring6,cycle,reference_baseline,predictive_parent,formation_dominated_gradual_degradation,phase5_ring6_predictive_parent_drop_k2_e1_e3,phase5_ring6_predictive_parent,2,"e1,e3",2,"[[1, 2], [3, 4]]",0.0244140625,0.055908203125,4.940770767317925,0.110107421875,001100,64,0.083984375,0.044677734375,5.724977501043443,0.044677734375,-0.0595703125,0.01123046875,-0.7842067337255179,0.0654296875,False,2,False,4,2,E:\SRFM_QUANTUM_PHASE5\results\raw\ring6\multi_ablation\phase5_ring6_predictive_parent_drop_k2_e1_e3__noisy_sim__xbasis__shots4096.json
Phase5,SRFM Quantum Phase5 Predictive Structural Response Study,ring6,cycle,reference_baseline,predictive_parent,formation_dominated_gradual_degradation,phase5_ring6_predictive_parent_drop_k2_e1_e4,phase5_ring6_predictive_parent,2,"e1,e4",2,"[[1, 2], [4, 5]]",0.19140625,0.003173828125,4.916238664440841,0.099365234375,011000,64,0.083984375,0.044677734375,5.724977501043443,0.044677734375,0.107421875,-0.04150390625,-0.8087388366026023,0.0546875,False,2,False,4,2,E:\SRFM_QUANTUM_PHASE5\results\raw\ring6\multi_ablation\phase5_ring6_predictive_parent_drop_k2_e1_e4__noisy_sim__xbasis__shots4096.json
Phase5,SRFM Quantum Phase5 Predictive Structural Response Study,ring6,cycle,reference_baseline,predictive_parent,formation_dominated_gradual_degradation,phase5_ring6_predictive_parent_drop_k2_e1_e5,phase5_ring6_predictive_parent,2,"e1,e5",2,"[[1, 2], [5, 0]]",0.04052734375,0.095703125,5.403378587114062,0.095703125,111111,64,0.083984375,0.044677734375,5.724977501043443,0.044677734375,-0.04345703125,0.051025390625,-0.3215989139293809,0.051025390625,False,2,False,4,2,E:\SRFM_QUANTUM_PHASE5\results\raw\ring6\multi_ablation\phase5_ring6_predictive_parent_drop_k2_e1_e5__noisy_sim__xbasis__shots4096.json
Phase5,SRFM Quantum Phase5 Predictive Structural Response Study,ring6,cycle,reference_baseline,predictive_parent,formation_dominated_gradual_degradation,phase5_ring6_predictive_parent_drop_k2_e2_e3,phase5_ring6_predictive_parent,2,"e2,e3",2,"[[2, 3], [3, 4]]",0.01025390625,0.0302734375,5.725055895205324,0.040771484375,101011,64,0.083984375,0.044677734375,5.724977501043443,0.044677734375,-0.07373046875,-0.014404296875,7.839416188115678e-05,-0.00390625,False,2,False,4,2,E:\SRFM_QUANTUM_PHASE5\results\raw\ring6\multi_ablation\phase5_ring6_predictive_parent_drop_k2_e2_e3__noisy_sim__xbasis__shots4096.json
Phase5,SRFM Quantum Phase5 Predictive Structural Response Study,ring6,cycle,reference_baseline,predictive_parent,formation_dominated_gradual_degradation,phase5_ring6_predictive_parent_drop_k2_e2_e4,phase5_ring6_predictive_parent,2,"e2,e4",2,"[[2, 3], [4, 5]]",0.037109375,0.059814453125,4.901345377477786,0.099609375,011000,64,0.083984375,0.044677734375,5.724977501043443,0.044677734375,-0.046875,0.01513671875,-0.8236321235656572,0.054931640625,False,2,False,4,2,E:\SRFM_QUANTUM_PHASE5\results\raw\ring6\multi_ablation\phase5_ring6_predictive_parent_drop_k2_e2_e4__noisy_sim__xbasis__shots4096.json
Phase5,SRFM Quantum Phase5 Predictive Structural Response Study,ring6,cycle,reference_baseline,predictive_parent,formation_dominated_gradual_degradation,phase5_ring6_predictive_parent_drop_k2_e2_e5,phase5_ring6_predictive_parent,2,"e2,e5",2,"[[2, 3], [5, 0]]",0.359375,0.012451171875,5.237541220396389,0.05859375,110011,64,0.083984375,0.044677734375,5.724977501043443,0.044677734375,0.275390625,-0.0322265625,-0.4874362806470538,0.013916015625,False,2,False,4,2,E:\SRFM_QUANTUM_PHASE5\results\raw\ring6\multi_ablation\phase5_ring6_predictive_parent_drop_k2_e2_e5__noisy_sim__xbasis__shots4096.json
Phase5,SRFM Quantum Phase5 Predictive Structural Response Study,ring6,cycle,reference_baseline,predictive_parent,formation_dominated_gradual_degradation,phase5_ring6_predictive_parent_drop_k2_e3_e4,phase5_ring6_predictive_parent,2,"e3,e4",2,"[[3, 4], [4, 5]]",0.04638671875,0.0302734375,5.44417694622104,0.057373046875,011000,64,0.083984375,0.044677734375,5.724977501043443,0.044677734375,-0.03759765625,-0.014404296875,-0.2808005548224033,0.0126953125,False,2,False,4,2,E:\SRFM_QUANTUM_PHASE5\results\raw\ring6\multi_ablation\phase5_ring6_predictive_parent_drop_k2_e3_e4__noisy_sim__xbasis__shots4096.json
Phase5,SRFM Quantum Phase5 Predictive Structural Response Study,ring6,cycle,reference_baseline,predictive_parent,formation_dominated_gradual_degradation,phase5_ring6_predictive_parent_drop_k2_e3_e5,phase5_ring6_predictive_parent,2,"e3,e5",2,"[[3, 4], [5, 0]]",0.046875,0.09521484375,5.353997441294341,0.09521484375,111111,64,0.083984375,0.044677734375,5.724977501043443,0.044677734375,-0.037109375,0.050537109375,-0.370980059749102,0.050537109375,False,2,False,4,2,E:\SRFM_QUANTUM_PHASE5\results\raw\ring6\multi_ablation\phase5_ring6_predictive_parent_drop_k2_e3_e5__noisy_sim__xbasis__shots4096.json
Phase5,SRFM Quantum Phase5 Predictive Structural Response Study,ring6,cycle,reference_baseline,predictive_parent,formation_dominated_gradual_degradation,phase5_ring6_predictive_parent_drop_k2_e4_e5,phase5_ring6_predictive_parent,2,"e4,e5",2,"[[4, 5], [5, 0]]",0.1103515625,0.0859375,4.79006959373655,0.10595703125,111011,62,0.083984375,0.044677734375,5.724977501043443,0.044677734375,0.0263671875,0.041259765625,-0.9349079073068935,0.061279296875,False,2,False,4,2,E:\SRFM_QUANTUM_PHASE5\results\raw\ring6\multi_ablation\phase5_ring6_predictive_parent_drop_k2_e4_e5__noisy_sim__xbasis__shots4096.json
Phase5,SRFM Quantum Phase5 Predictive Structural Response Study,ring6,cycle,reference_baseline,predictive_parent,formation_dominated_gradual_degradation,phase5_ring6_predictive_parent_drop_k3_e0_e1_e2,phase5_ring6_predictive_parent,3,"e0,e1,e2",3,"[[0, 1], [1, 2], [2, 3]]",0.0166015625,0.037353515625,5.473036009981609,0.05908203125,000110,64,0.083984375,0.044677734375,5.724977501043443,0.044677734375,-0.0673828125,-0.00732421875,-0.2519414910618343,0.014404296875,False,3,False,3,3,E:\SRFM_QUANTUM_PHASE5\results\raw\ring6\multi_ablation\phase5_ring6_predictive_parent_drop_k3_e0_e1_e2__noisy_sim__xbasis__shots4096.json
Phase5,SRFM Quantum Phase5 Predictive Structural Response Study,ring6,cycle,reference_baseline,predictive_parent,formation_dominated_gradual_degradation,phase5_ring6_predictive_parent_drop_k3_e0_e1_e3,phase5_ring6_predictive_parent,3,"e0,e1,e3",3,"[[0, 1], [1, 2], [3, 4]]",0.4306640625,0.011474609375,3.9512949718145594,0.249267578125,001110,61,0.083984375,0.044677734375,5.724977501043443,0.044677734375,0.3466796875,-0.033203125,-1.7736825292288838,0.20458984375,False,3,False,3,3,E:\SRFM_QUANTUM_PHASE5\results\raw\ring6\multi_ablation\phase5_ring6_predictive_parent_drop_k3_e0_e1_e3__noisy_sim__xbasis__shots4096.json
Phase5,SRFM Quantum Phase5 Predictive Structural Response Study,ring6,cycle,reference_baseline,predictive_parent,formation_dominated_gradual_degradation,phase5_ring6_predictive_parent_drop_k3_e0_e1_e4,phase5_ring6_predictive_parent,3,"e0,e1,e4",3,"[[0, 1], [1, 2], [4, 5]]",0.03955078125,0.045654296875,5.395837323260873,0.06103515625,111010,64,0.083984375,0.044677734375,5.724977501043443,0.044677734375,-0.04443359375,0.0009765625,-0.32914017778256976,0.016357421875,False,3,False,3,3,E:\SRFM_QUANTUM_PHASE5\results\raw\ring6\multi_ablation\phase5_ring6_predictive_parent_drop_k3_e0_e1_e4__noisy_sim__xbasis__shots4096.json
Phase5,SRFM Quantum Phase5 Predictive Structural Response Study,ring6,cycle,reference_baseline,predictive_parent,formation_dominated_gradual_degradation,phase5_ring6_predictive_parent_drop_k3_e0_e1_e5,phase5_ring6_predictive_parent,3,"e0,e1,e5",3,"[[0, 1], [1, 2], [5, 0]]",0.1494140625,0.1552734375,4.653234380205842,0.1552734375,111111,60,0.083984375,0.044677734375,5.724977501043443,0.044677734375,0.0654296875,0.110595703125,-1.071743120837601,0.110595703125,False,3,False,3,3,E:\SRFM_QUANTUM_PHASE5\results\raw\ring6\multi_ablation\phase5_ring6_predictive_parent_drop_k3_e0_e1_e5__noisy_sim__xbasis__shots4096.json
Phase5,SRFM Quantum Phase5 Predictive Structural Response Study,ring6,cycle,reference_baseline,predictive_parent,formation_dominated_gradual_degradation,phase5_ring6_predictive_parent_drop_k3_e0_e2_e3,phase5_ring6_predictive_parent,3,"e0,e2,e3",3,"[[0, 1], [2, 3], [3, 4]]",0.0546875,0.008544921875,4.276896363683841,0.1728515625,001110,63,0.083984375,0.044677734375,5.724977501043443,0.044677734375,-0.029296875,-0.0361328125,-1.448081137359602,0.128173828125,False,3,False,3,3,E:\SRFM_QUANTUM_PHASE5\results\raw\ring6\multi_ablation\phase5_ring6_predictive_parent_drop_k3_e0_e2_e3__noisy_sim__xbasis__shots4096.json
Phase5,SRFM Quantum Phase5 Predictive Structural Response Study,ring6,cycle,reference_baseline,predictive_parent,formation_dominated_gradual_degradation,phase5_ring6_predictive_parent_drop_k3_e0_e2_e4,phase5_ring6_predictive_parent,3,"e0,e2,e4",3,"[[0, 1], [2, 3], [4, 5]]",0.03466796875,0.16015625,4.193466949394922,0.16455078125,111110,63,0.083984375,0.044677734375,5.724977501043443,0.044677734375,-0.04931640625,0.115478515625,-1.5315105516485215,0.119873046875,False,3,False,3,3,E:\SRFM_QUANTUM_PHASE5\results\raw\ring6\multi_ablation\phase5_ring6_predictive_parent_drop_k3_e0_e2_e4__noisy_sim__xbasis__shots4096.json
Phase5,SRFM Quantum Phase5 Predictive Structural Response Study,ring6,cycle,reference_baseline,predictive_parent,formation_dominated_gradual_degradation,phase5_ring6_predictive_parent_drop_k3_e0_e2_e5,phase5_ring6_predictive_parent,3,"e0,e2,e5",3,"[[0, 1], [2, 3], [5, 0]]",0.3408203125,0.0771484375,3.9859862922904568,0.177978515625,110111,58,0.083984375,0.044677734375,5.724977501043443,0.044677734375,0.2568359375,0.032470703125,-1.7389912087529864,0.13330078125,False,3,False,3,3,E:\SRFM_QUANTUM_PHASE5\results\raw\ring6\multi_ablation\phase5_ring6_predictive_parent_drop_k3_e0_e2_e5__noisy_sim__xbasis__shots4096.json
Phase5,SRFM Quantum Phase5 Predictive Structural Response Study,ring6,cycle,reference_baseline,predictive_parent,formation_dominated_gradual_degradation,phase5_ring6_predictive_parent_drop_k3_e0_e3_e4,phase5_ring6_predictive_parent,3,"e0,e3,e4",3,"[[0, 1], [3, 4], [4, 5]]",0.01806640625,0.046142578125,5.379287651942961,0.059814453125,110110,64,0.083984375,0.044677734375,5.724977501043443,0.044677734375,-0.06591796875,0.00146484375,-0.3456898491004825,0.01513671875,False,3,False,3,3,E:\SRFM_QUANTUM_PHASE5\results\raw\ring6\multi_ablation\phase5_ring6_predictive_parent_drop_k3_e0_e3_e4__noisy_sim__xbasis__shots4096.json
Phase5,SRFM Quantum Phase5 Predictive Structural Response Study,ring6,cycle,reference_baseline,predictive_parent,formation_dominated_gradual_degradation,phase5_ring6_predictive_parent_drop_k3_e0_e3_e5,phase5_ring6_predictive_parent,3,"e0,e3,e5",3,"[[0, 1], [3, 4], [5, 0]]",0.04248046875,0.097412109375,4.674773491586339,0.1181640625,110111,61,0.083984375,0.044677734375,5.724977501043443,0.044677734375,-0.04150390625,0.052734375,-1.0502040094571043,0.073486328125,False,3,False,3,3,E:\SRFM_QUANTUM_PHASE5\results\raw\ring6\multi_ablation\phase5_ring6_predictive_parent_drop_k3_e0_e3_e5__noisy_sim__xbasis__shots4096.json
Phase5,SRFM Quantum Phase5 Predictive Structural Response Study,ring6,cycle,reference_baseline,predictive_parent,formation_dominated_gradual_degradation,phase5_ring6_predictive_parent_drop_k3_e0_e4_e5,phase5_ring6_predictive_parent,3,"e0,e4,e5",3,"[[0, 1], [4, 5], [5, 0]]",0.451171875,0.335693359375,3.780936197508096,0.335693359375,111111,52,0.083984375,0.044677734375,5.724977501043443,0.044677734375,0.3671875,0.291015625,-1.944041303535347,0.291015625,False,3,False,3,3,E:\SRFM_QUANTUM_PHASE5\results\raw\ring6\multi_ablation\phase5_ring6_predictive_parent_drop_k3_e0_e4_e5__noisy_sim__xbasis__shots4096.json
Phase5,SRFM Quantum Phase5 Predictive Structural Response Study,ring6,cycle,reference_baseline,predictive_parent,formation_dominated_gradual_degradation,phase5_ring6_predictive_parent_drop_k3_e1_e2_e3,phase5_ring6_predictive_parent,3,"e1,e2,e3",3,"[[1, 2], [2, 3], [3, 4]]",0.01611328125,0.027099609375,5.781624812722846,0.049560546875,001100,64,0.083984375,0.044677734375,5.724977501043443,0.044677734375,-0.06787109375,-0.017578125,0.05664731167940307,0.0048828125,False,3,False,3,3,E:\SRFM_QUANTUM_PHASE5\results\raw\ring6\multi_ablation\phase5_ring6_predictive_parent_drop_k3_e1_e2_e3__noisy_sim__xbasis__shots4096.json
Phase5,SRFM Quantum Phase5 Predictive Structural Response Study,ring6,cycle,reference_baseline,predictive_parent,formation_dominated_gradual_degradation,phase5_ring6_predictive_parent_drop_k3_e1_e2_e4,phase5_ring6_predictive_parent,3,"e1,e2,e4",3,"[[1, 2], [2, 3], [4, 5]]",0.0673828125,0.008056640625,4.2720786835829765,0.17822265625,011100,62,0.083984375,0.044677734375,5.724977501043443,0.044677734375,-0.0166015625,-0.03662109375,-1.4528988174604667,0.133544921875,False,3,False,3,3,E:\SRFM_QUANTUM_PHASE5\results\raw\ring6\multi_ablation\phase5_ring6_predictive_parent_drop_k3_e1_e2_e4__noisy_sim__xbasis__shots4096.json
Phase5,SRFM Quantum Phase5 Predictive Structural Response Study,ring6,cycle,reference_baseline,predictive_parent,formation_dominated_gradual_degradation,phase5_ring6_predictive_parent_drop_k3_e1_e2_e5,phase5_ring6_predictive_parent,3,"e1,e2,e5",3,"[[1, 2], [2, 3], [5, 0]]",0.01318359375,0.029541015625,5.281175476696801,0.06689453125,101111,64,0.083984375,0.044677734375,5.724977501043443,0.044677734375,-0.07080078125,-0.01513671875,-0.44380202434664184,0.022216796875,False,3,False,3,3,E:\SRFM_QUANTUM_PHASE5\results\raw\ring6\multi_ablation\phase5_ring6_predictive_parent_drop_k3_e1_e2_e5__noisy_sim__xbasis__shots4096.json
Phase5,SRFM Quantum Phase5 Predictive Structural Response Study,ring6,cycle,reference_baseline,predictive_parent,formation_dominated_gradual_degradation,phase5_ring6_predictive_parent_drop_k3_e1_e3_e4,phase5_ring6_predictive_parent,3,"e1,e3,e4",3,"[[1, 2], [3, 4], [4, 5]]",0.43603515625,0.011474609375,3.9472638005178307,0.254150390625,011100,60,0.083984375,0.044677734375,5.724977501043443,0.044677734375,0.35205078125,-0.033203125,-1.7777137005256125,0.20947265625,False,3,False,3,3,E:\SRFM_QUANTUM_PHASE5\results\raw\ring6\multi_ablation\phase5_ring6_predictive_parent_drop_k3_e1_e3_e4__noisy_sim__xbasis__shots4096.json
Phase5,SRFM Quantum Phase5 Predictive Structural Response Study,ring6,cycle,reference_baseline,predictive_parent,formation_dominated_gradual_degradation,phase5_ring6_predictive_parent_drop_k3_e1_e3_e5,phase5_ring6_predictive_parent,3,"e1,e3,e5",3,"[[1, 2], [3, 4], [5, 0]]",0.01611328125,0.18408203125,4.44249801496299,0.18408203125,111111,61,0.083984375,0.044677734375,5.724977501043443,0.044677734375,-0.06787109375,0.139404296875,-1.2824794860804536,0.139404296875,False,3,False,3,3,E:\SRFM_QUANTUM_PHASE5\results\raw\ring6\multi_ablation\phase5_ring6_predictive_parent_drop_k3_e1_e3_e5__noisy_sim__xbasis__shots4096.json
Phase5,SRFM Quantum Phase5 Predictive Structural Response Study,ring6,cycle,reference_baseline,predictive_parent,formation_dominated_gradual_degradation,phase5_ring6_predictive_parent_drop_k3_e1_e4_e5,phase5_ring6_predictive_parent,3,"e1,e4,e5",3,"[[1, 2], [4, 5], [5, 0]]",0.02001953125,0.09716796875,4.637125304627257,0.116455078125,111011,60,0.083984375,0.044677734375,5.724977501043443,0.044677734375,-0.06396484375,0.052490234375,-1.0878521964161862,0.07177734375,False,3,False,3,3,E:\SRFM_QUANTUM_PHASE5\results\raw\ring6\multi_ablation\phase5_ring6_predictive_parent_drop_k3_e1_e4_e5__noisy_sim__xbasis__shots4096.json
Phase5,SRFM Quantum Phase5 Predictive Structural Response Study,ring6,cycle,reference_baseline,predictive_parent,formation_dominated_gradual_degradation,phase5_ring6_predictive_parent_drop_k3_e2_e3_e4,phase5_ring6_predictive_parent,3,"e2,e3,e4",3,"[[2, 3], [3, 4], [4, 5]]",0.009765625,0.037353515625,5.428382832064878,0.056640625,011000,64,0.083984375,0.044677734375,5.724977501043443,0.044677734375,-0.07421875,-0.00732421875,-0.2965946689785648,0.011962890625,False,3,False,3,3,E:\SRFM_QUANTUM_PHASE5\results\raw\ring6\multi_ablation\phase5_ring6_predictive_parent_drop_k3_e2_e3_e4__noisy_sim__xbasis__shots4096.json
Phase5,SRFM Quantum Phase5 Predictive Structural Response Study,ring6,cycle,reference_baseline,predictive_parent,formation_dominated_gradual_degradation,phase5_ring6_predictive_parent_drop_k3_e2_e3_e5,phase5_ring6_predictive_parent,3,"e2,e3,e5",3,"[[2, 3], [3, 4], [5, 0]]",0.0068359375,0.028564453125,5.25127202728379,0.069091796875,111011,64,0.083984375,0.044677734375,5.724977501043443,0.044677734375,-0.0771484375,-0.01611328125,-0.47370547375965355,0.0244140625,False,3,False,3,3,E:\SRFM_QUANTUM_PHASE5\results\raw\ring6\multi_ablation\phase5_ring6_predictive_parent_drop_k3_e2_e3_e5__noisy_sim__xbasis__shots4096.json
Phase5,SRFM Quantum Phase5 Predictive Structural Response Study,ring6,cycle,reference_baseline,predictive_parent,formation_dominated_gradual_degradation,phase5_ring6_predictive_parent_drop_k3_e2_e4_e5,phase5_ring6_predictive_parent,3,"e2,e4,e5",3,"[[2, 3], [4, 5], [5, 0]]",0.32470703125,0.07421875,3.971488604177183,0.181640625,111011,60,0.083984375,0.044677734375,5.724977501043443,0.044677734375,0.24072265625,0.029541015625,-1.7534888968662603,0.136962890625,False,3,False,3,3,E:\SRFM_QUANTUM_PHASE5\results\raw\ring6\multi_ablation\phase5_ring6_predictive_parent_drop_k3_e2_e4_e5__noisy_sim__xbasis__shots4096.json
Phase5,SRFM Quantum Phase5 Predictive Structural Response Study,ring6,cycle,reference_baseline,predictive_parent,formation_dominated_gradual_degradation,phase5_ring6_predictive_parent_drop_k3_e3_e4_e5,phase5_ring6_predictive_parent,3,"e3,e4,e5",3,"[[3, 4], [4, 5], [5, 0]]",0.181640625,0.155517578125,4.609995089563823,0.155517578125,111111,59,0.083984375,0.044677734375,5.724977501043443,0.044677734375,0.09765625,0.11083984375,-1.1149824114796205,0.11083984375,False,3,False,3,3,E:\SRFM_QUANTUM_PHASE5\results\raw\ring6\multi_ablation\phase5_ring6_predictive_parent_drop_k3_e3_e4_e5__noisy_sim__xbasis__shots4096.json
